1; "Gesundheit ist nicht alles, aber ohne Gesundheit ist alles nichts.";"Arthur Schopenhauer"
1; "Dein Körper ist der einzige Ort, den du zum Leben hast. Pflege ihn gut.";""
1; "Die größte Freude im Leben besteht darin, gesund zu sein.";"Buddha"
1; "Gesundheit ist Reichtum, Geisteszustand ist Königreich, Loyalität ist Freiheit, und Zeit ist Wertschätzung.";"Oliver Wendell Holmes"
1; "Ein gesunder Geist lebt in einem gesunden Körper.";"Juvenal"
1; "Es ist nicht wichtig, wie langsam du gehst, solange du nicht stehen bleibst.";"Konfuzius"
1; "Investiere in deine Gesundheit. Es ist der beste Zins, den du jemals erhalten wirst.";""
1; "Die größten Siege im Leben kommen von der Überwindung von inneren Hindernissen.";""
1; "Gesundheit und Glück kommen denen, die sich selbst helfen.";""
1; "Jeder Schritt bringt dich näher zu deinem Ziel. Gib niemals auf.";""
1; "Die Gesundheit des Körpers ist der Anfang zur Gesundheit des Geistes.";"Francois de la Rochefoucauld"
1; "Die größten Siege im Leben kommen von der Überwindung von inneren Hindernissen.";""
1; "Gesundheit ist ein Verhältnis zwischen dir und deinem Körper.";"Terri Guillemets"
1; "Gesundheit ist nicht alles, aber ohne Gesundheit ist alles nichts.";"Arthur Schopenhauer"
1; "Nichts schmeckt so gut, wie sich gesund zu fühlen.";""
1; "Die einzige Möglichkeit, das Leben zu genießen, ist, gesund zu sein.";"George Bernard Shaw"
1; "Die beste Zeit, um für deine Gesundheit zu sorgen, war gestern. Die nächstbeste Zeit ist jetzt.";""
1; "Dein Körper ist ein Tempel, halte ihn rein und heilig.";""
1; "Gesundheit ist keine Garantie, aber ohne Gesundheit ist alles nichts.";""
1; "Der Weg zur Gesundheit ist gepflastert mit guten Absichten, die umgesetzt werden.";""
1; "Fitness ist kein Ziel, es ist ein Weg des Lebens.";""
1; "Gesundheit ist der Schatz des Lebens, der Wert, den man erst erkennt, wenn man ihn verloren hat.";"Josh Billings"
1; "Dein Körper kann alles erreichen, wenn dein Geist es unterstützt.";""
1; "Gesundheit ist nicht alles, aber ohne Gesundheit ist alles nichts.";"Arthur Schopenhauer"
1; "Die größte Wohltat, die man sich selbst erweisen kann, ist, gut für seine Gesundheit zu sorgen.";""
1; "Die beste Zeit, um für deine Gesundheit zu sorgen, war gestern. Die nächstbeste Zeit ist jetzt.";""
1; "Ein gesunder Lebensstil beginnt mit einem gesunden Geist.";""
1; "Gesundheit ist der wahre Reichtum im Leben.";""
1; "Gesundheit ist ein Geschenk, das man sich selbst machen kann.";""
1; "Die größten Siege beginnen mit dem ersten Schritt.";""
1; "Die Gesundheit des Körpers ist der Anfang zur Gesundheit des Geistes.";""
1; "Es ist nie zu spät, den ersten Schritt in Richtung Gesundheit zu machen.";""
1; "Gesundheit ist keine Glückssache, sondern das Ergebnis kontinuierlicher Bemühungen.";""
1; "Dein Körper ist ein Tempel, pflege ihn wie ein Heiligtum.";""
1; "Investiere in deine Gesundheit. Es ist die beste Investition, die du tätigen kannst.";""
1; "Gesundheit ist nicht alles, aber ohne Gesundheit ist alles nichts.";"Arthur Schopenhauer"
1; "Gesundheit ist kein Luxus, sondern eine Investition in deine Zukunft.";""
1; "Gesundheit ist der Schlüssel zum Glücklichsein.";""
1; "Die größten Siege beginnen mit dem Glauben an dich selbst.";""
1; "Ein gesunder Geist lebt in einem gesunden Körper.";""
1; "Die Gesundheit des Körpers ist der Anfang zur Gesundheit des Geistes.";""
1; "Das Geheimnis des Glücks liegt in der Gesundheit.";""
1; "Gesundheit ist Reichtum.";""
1; "Dein Körper ist dein wertvollster Besitz.";""
1; "Die größten Siege beginnen mit dem ersten Schritt.";""
1; "Gesundheit ist der Schlüssel zum Erfolg.";""
1; "Ein gesunder Geist lebt in einem gesunden Körper.";""
1; "Gesundheit ist Reichtum, Geisteszustand ist Königreich, Loyalität ist Freiheit, und Zeit ist Wertschätzung.";"Oliver Wendell Holmes"
1; "Ein gesunder Lebensstil beginnt mit einer Entscheidung.";""
1; "Gesundheit ist das Fundament des Glücks.";""
1; "Gesundheit ist der größte Reichtum.";""
1; "Gesundheit ist der Schlüssel zum Erfolg.";""
1; "Gesundheit ist nicht alles, aber ohne Gesundheit ist alles nichts.";"Arthur Schopenhauer"
1; "Gesundheit ist keine Glückssache, sondern das Ergebnis kontinuierlicher Bemühungen.";""
1; "Gesundheit ist Reichtum, Geisteszustand ist Königreich, Loyalität ist Freiheit, und Zeit ist Wertschätzung.";"Oliver Wendell Holmes"
1; "Gesundheit ist der wahre Reichtum im Leben.";""
1; "Gesundheit ist ein Geschenk, das man sich selbst machen kann.";""
1; "Gesundheit ist der Schlüssel zum Glücklichsein.";""
1; "Nimm dir Zeit für deine Gesundheit, sonst musst du dir Zeit für deine Krankheiten nehmen.";"Unbekannt"
1; "Die größten Siege beginnen mit kleinen Gewohnheiten.";"Unbekannt"
1; "Es ist nie zu spät, gesünder zu leben.";"Unbekannt"
1; "Deine Gesundheit ist deine wahre Währung im Leben.";"Unbekannt"
1; "Ein gesunder Körper ist der beste Begleiter des Geistes.";"Unbekannt"
1; "Deine Gesundheit ist deine größte Investition.";"Unbekannt"
1; "Gesundheit ist der erste Schritt zum Erfolg.";"Unbekannt"
1; "Gib' niemals auf.";"Unbekannt"
1; "Einfach weiter machen.";""
2; "Persönliche Entwicklung ist ein lebenslanger Prozess, kein Ziel.";"Unbekannt"
2; "Der Weg zur persönlichen Entwicklung beginnt mit dem ersten Schritt.";"Unbekannt"
2; "Jede Herausforderung ist eine Gelegenheit für persönliches Wachstum.";"Unbekannt"
2; "Persönliche Entwicklung ist der Schlüssel zu einem erfüllten Leben.";"Unbekannt"
2; "Um zu wachsen, musst du dich herausfordern und über deine Grenzen hinausgehen.";"Unbekannt"
2; "Sei nicht der gleiche, sei besser.";"Unbekannt"
2; "Persönliche Entwicklung ist wie ein Puzzle, du musst die Teile zusammensetzen, um das Gesamtbild zu sehen.";"Unbekannt"
2; "Das Geheimnis des Fortschritts liegt im Durchhaltevermögen.";"Unbekannt"
2; "Wer aufhört zu lernen, hört auf zu wachsen.";"Unbekannt"
2; "Deine Zukunft wird von dem bestimmt, was du heute tust, nicht von dem, was du morgen tun wirst.";"Unbekannt"
2; "Nimm die Verantwortung für dein Leben und deine Entwicklung.";"Unbekannt"
2; "Persönliche Entwicklung bedeutet, sich ständig zu verbessern, unabhängig vom aktuellen Stand.";"Unbekannt"
2; "Der einzige Weg, um herauszufinden, was du tun kannst, ist es zu versuchen.";"Unbekannt"
2; "Erfolg beginnt am Ende deiner Komfortzone.";"Neale Donald Walsch"
2; "Persönliche Entwicklung ist wie ein Marathon, kein Sprint.";"Unbekannt"
2; "Sei nicht der beste in der Welt, sei der beste für die Welt.";"Unbekannt"
2; "Das Leben ist zu kurz, um auf persönliches Wachstum zu verzichten.";"Unbekannt"
2; "Die größten Veränderungen beginnen mit kleinen Schritten.";"Unbekannt"
2; "Investiere in dich selbst, es zahlt die besten Zinsen.";"Benjamin Franklin"
2; "Verändere deine Gedanken und du veränderst deine Welt.";"Norman Vincent Peale"
2; "Persönliche Entwicklung ist kein Ziel, sondern ein lebenslanger Prozess.";"Unbekannt"
2; "Sei mutig genug, dich selbst zu sein.";"Brené Brown"
2; "Dein größter Wettbewerber ist dein gestriges Ich.";"Unbekannt"
2; "Die Zukunft gehört denen, die an die Schönheit ihrer Träume glauben.";"Eleanor Roosevelt"
2; "Du bist nie zu alt, um zu lernen und zu wachsen.";"Unbekannt"
2; "Der erste Schritt zur Veränderung ist die Akzeptanz.";"Unbekannt"
2; "Wenn du etwas tun willst, was du noch nie getan hast, musst du etwas tun, was du noch nie getan hast.";"Unbekannt"
2; "Jeder Tag ist eine Chance, dich zu verbessern.";"Unbekannt"
2; "Die einzige Person, die dich aufhalten kann, bist du selbst.";"Unbekannt"
2; "Die größte Belohnung für persönliche Entwicklung ist die Zufriedenheit mit sich selbst.";"Unbekannt"
2; "Du kannst nicht kontrollieren, was dir passiert, aber du kannst kontrollieren, wie du darauf reagierst.";"Unbekannt"
2; "Sei hartnäckig in deinen Zielen, aber flexibel in deinen Methoden.";"Unbekannt"
2; "Vertraue dem Prozess der persönlichen Entwicklung, auch wenn er manchmal schwierig ist.";"Unbekannt"
2; "Die größten Erfolge kommen oft nach den größten Herausforderungen.";"Unbekannt"
2; "Jeder Fehler ist eine Gelegenheit zu lernen und zu wachsen.";"Unbekannt"
2; "Deine Gedanken formen deine Realität, wähle sie weise.";"Unbekannt"
2; "Das Leben beginnt dort, wo deine Komfortzone endet.";"Unbekannt"
2; "Glaube an dich selbst und du wirst unbesiegbar sein.";"Unbekannt"
2; "Das Leben belohnt diejenigen, die hart arbeiten und niemals aufgeben.";"Unbekannt"
2; "Persönliche Entwicklung ist wie ein Puzzle, jedes Stück zählt.";"Unbekannt"
2; "Dein größter Vermögenswert ist nicht dein Talent, sondern deine Entschlossenheit.";"Unbekannt"
2; "Die einzige Person, die dich aufhalten kann, bist du selbst.";"Unbekannt"
2; "Entwicklung ist der Schlüssel zum Überleben.";"Unbekannt"
2; "Entwicklung kommt von innen heraus.";"Unbekannt"
2; "Die einzige Konstante im Leben ist Veränderung.";"Unbekannt"
2; "Deine Einstellung bestimmt deine Richtung.";"Unbekannt"
2; "Nimm die Herausforderungen des Lebens an, denn sie machen dich stärker.";"Unbekannt"
2; "Persönliche Entwicklung ist wie ein Baum, der langsam wächst, aber stark wird.";"Unbekannt"
2; "Sei nicht entmutigt von Rückschlägen, sie sind Teil des Weges.";"Unbekannt"
2; "Deine Träume werden Realität, wenn du den Mut hast, ihnen zu folgen.";"Walt Disney"
2; "Jeder Tag ist eine neue Chance, ein neues Kapitel zu schreiben.";"Unbekannt"
2; "Die einzige Grenze ist die, die du dir selbst setzt.";"Unbekannt"
2; "Du bist die Autorin oder der Autor deines eigenen Lebens.";"Unbekannt"
2; "Sei geduldig, gute Dinge brauchen Zeit.";"Unbekannt"
2; "Lebe jeden Tag als wärst du auf einer Mission, nicht nur auf einer Reise.";"Unbekannt"
2; "Nimm dir Zeit, um dich selbst zu entdecken, denn das ist der Schlüssel zu allem.";"Unbekannt"
2; "Die Welt gehört denen, die den Mut haben, an ihre Träume zu glauben.";"Unbekannt"
2; "Das Leben ist ein Abenteuer, sei bereit, neue Wege zu gehen.";"Unbekannt"
2; "Deine Zukunft liegt in deinen Händen, also gestalte sie nach deinen Vorstellungen.";"Unbekannt"
2; "Wenn das Leben ein Dreieck ist, zieh' einen Kreis drum rum."; "Quon Fhutsi-Us"
3; "Die Qualität unserer Beziehungen bestimmt die Qualität unseres Lebens.";"Anthony Robbins"
3; "In einer Welt, in der du alles sein kannst, sei freundlich.";"Unbekannt"
3; "Die stärksten Verbindungen sind oft die unsichtbarsten.";"Friedrich Nietzsche"
3; "Echte Freundschaft ist wie ein Schatz, den man nicht kaufen kann.";"Unbekannt"
3; "Das Leben ist besser mit echten Freunden an deiner Seite.";"Unbekannt"
3; "Das Geheimnis eines erfüllten Lebens liegt in der Qualität unserer Beziehungen.";"Unbekannt"
3; "In einer Welt voller Technologie dürfen wir die Kunst der zwischenmenschlichen Beziehungen nicht vergessen.";"Unbekannt"
3; "Gemeinschaft ist der Klebstoff, der uns zusammenhält.";"Unbekannt"
3; "Die Welt ist ein besseres Zuhause, wenn wir uns gegenseitig willkommen heißen.";"Unbekannt"
3; "Die menschliche Verbindung ist die Währung des Glücks.";"Unbekannt"
3; "Die größten Freuden im Leben sind die, die wir mit anderen teilen.";"Unbekannt"
3; "In einer Gesellschaft, die sich ständig verändert, bleibt die Bedeutung von echten Beziehungen konstant.";"Unbekannt"
3; "Gemeinsam können wir mehr erreichen als allein.";"Unbekannt"
3; "Das wahre Glück liegt in den kleinen Momenten der Verbundenheit.";"Unbekannt"
3; "Die stärksten Beziehungen sind diejenigen, die auf gegenseitigem Respekt und Vertrauen aufbauen.";"Unbekannt"
3; "Freundschaft ist eine Tür zwischen zwei Menschen. Sie kann knarren oder sich öffnen, je nachdem, wie stark der Schub ist.";"Unbekannt"
3; "Soziale Bindungen sind das Gewebe, aus dem unsere Gesellschaft gewebt ist.";"Unbekannt"
3; "Die besten Erinnerungen entstehen aus gemeinsamen Erfahrungen mit den Menschen, die wir lieben.";"Unbekannt"
3; "In einer Welt, die ständig in Eile ist, ist es wichtig, sich Zeit zu nehmen, um menschliche Verbindungen zu pflegen.";"Unbekannt"
3; "Die besten Beziehungen sind diejenigen, in denen man sich gegenseitig wachsen sieht.";"Unbekannt"
3; "Gemeinschaft gibt uns Wurzeln, um zu wachsen, und Flügel, um zu fliegen.";"Unbekannt"
3; "Echte Verbindung entsteht, wenn wir uns gegenseitig mit unseren Ecken und Kanten akzeptieren.";"Unbekannt"
3; "Das Leben ist ein gemeinsames Abenteuer, das wir mit anderen teilen.";"Unbekannt"
3; "Ein Lächeln ist die kürzeste Entfernung zwischen zwei Menschen.";"Victor Borge"
3; "Die Kunst des Lebens besteht darin, die richtige Balance zwischen Nähe und Distanz in unseren Beziehungen zu finden.";"Unbekannt"
3; "In einer Welt, die ständig miteinander verbunden ist, ist es wichtiger denn je, echte Verbindungen zu pflegen.";"Unbekannt"
3; "Wahre Freundschaft ist wie ein Sonnenschein für die Seele.";"Unbekannt"
3; "Das Leben ist voller Überraschungen, aber die besten kommen oft in Form von Freundschaft.";"Unbekannt"
3; "Die stärksten Wurzeln wachsen aus den zartesten Verbindungen.";"Unbekannt"
3; "Eine starke Gemeinschaft ist der Schlüssel zu einem blühenden Leben.";"Unbekannt"
3; "In einer Welt voller Lärm ist es wichtig, echte Gespräche zu führen.";"Unbekannt"
3; "Die größten Schätze im Leben sind keine Dinge, sondern Beziehungen.";"Unbekannt"
3; "Die Essenz des Lebens liegt in den Beziehungen, die wir knüpfen.";"Unbekannt"
3; "Das Geheimnis, glücklich zu sein, liegt darin, das Glück mit anderen zu teilen.";"Unbekannt"
4; "Geld sparen ist nicht das Ziel, sondern der Weg zum finanziellen Erfolg.";"Unbekannt"
4; "Sparen ist die Kunst, auf die Zukunft zu investieren.";"Unbekannt"
4; "Finanzielle Freiheit beginnt mit dem Bewusstsein für deine Ausgaben.";"Unbekannt"
4; "Investiere klug, lebe bescheiden und baue langsam Wohlstand auf.";"Unbekannt"
4; "Geld ist wie eine Pflanze - wenn du es pflegst und wachsen lässt, wird es gedeihen.";"Unbekannt"
4; "Sparsamkeit ist die Fähigkeit, zwischen dem zu unterscheiden, was wichtig ist und was Luxus ist.";"Unbekannt"
4; "Finanzielle Stabilität ist keine Glücksache, sondern das Ergebnis kluger Entscheidungen.";"Unbekannt"
4; "Sparen bedeutet nicht, auf die Dinge zu verzichten, die dir wichtig sind, sondern klug zu wählen, wo du dein Geld ausgibst.";"Unbekannt"
4; "Geld ist wie ein Samenkorn. Wenn du es klug investierst, wird es wachsen.";"Unbekannt"
4; "Der Weg zum Reichtum beginnt mit dem Beschluss, weniger auszugeben, als du verdienst.";"Unbekannt"
4; "Geld zu sparen ist nicht nur eine gute Angewohnheit, sondern auch eine wichtige Lebenskompetenz.";"Unbekannt"
4; "Sparen ist kein Verzicht, sondern eine bewusste Entscheidung für deine finanzielle Zukunft.";"Unbekannt"
4; "Finanzielle Sicherheit entsteht durch kluge Planung und vorausschauendes Sparen.";"Unbekannt"
4; "Investiere in Wissen, bevor du in Vermögenswerte investierst.";"Robert Kiyosaki"
4; "Ein kluger Mensch plant für die Zukunft, ein weiser Mensch spart für sie.";"Unbekannt"
4; "Sparen ist der Schlüssel, um unabhängig von finanziellen Zwängen zu leben.";"Unbekannt"
4; "Geld ist wie Zeit - wenn du es nicht richtig verwendest, wirst du es bereuen.";"Unbekannt"
4; "Die Kunst des Sparens liegt darin, den Wert deines Geldes zu erkennen und kluge Entscheidungen zu treffen.";"Unbekannt"
4; "Es ist nicht wichtig, wie viel du verdienst, sondern wie viel du behältst.";"Unbekannt"
4; "Ein Dollar, der gespart wird, ist mehr wert als ein Dollar, der verdient wird.";"Unbekannt"
4; "Finanzielle Unabhängigkeit entsteht durch bewusstes Sparen und kluge Investitionen.";"Unbekannt"
4; "Kaufe Dinge, die du nicht brauchst, und du wirst bald Dinge verkaufen müssen, die du brauchst.";"Warren Buffett"
4; "Sparen bedeutet nicht, auf Lebensqualität zu verzichten, sondern bewusst Entscheidungen zu treffen, die langfristig von Vorteil sind.";"Unbekannt"
4; "Die größten Vermögen werden nicht durch Einkommen, sondern durch kluges Sparen und Investieren aufgebaut.";"Unbekannt"
4; "Ein kluger Mann sagte einmal: 'Du musst Geld verdienen, wenn du schläfst', und das geht nur durch kluge Investitionen und Sparen.";"Unbekannt"
4; "Die Kunst des Sparens besteht darin, heute auf etwas zu verzichten, um morgen mehr davon zu haben.";"Unbekannt"
4; "Das Geheimnis des Wohlstands liegt nicht im Verdienen, sondern im Sparen und Investieren.";"Unbekannt"
4; "Geld ist wie Sand - wenn du es nicht in einem Behälter hältst, rutscht es dir durch die Finger.";"Unbekannt"
4; "Sparen ist wie die Kunst des Kochens - es erfordert Geduld, Übung und die richtigen Zutaten, um ein Meisterwerk zu schaffen.";"Unbekannt"
4; "Finanzielle Freiheit bedeutet nicht, mehr Geld auszugeben, sondern klug zu investieren und zu sparen.";"Unbekannt"
4; "Geld zu sparen ist keine Entbehrung, sondern eine Investition in deine Zukunft.";"Unbekannt"
4; "Die Fähigkeit zu sparen ist der Schlüssel, um finanzielle Ziele zu erreichen und Träume zu verwirklichen.";"Unbekannt"
4; "Sparen ist wie das Sammeln von Sonnenstrahlen - je mehr du sammelst, desto heller wird dein Leben.";"Unbekannt"
4; "Die größten Vermögen wurden nicht über Nacht aufgebaut, sondern durch konsequentes Sparen und kluge Investitionen.";"Unbekannt"
4; "Sparen bedeutet nicht, auf Dinge zu verzichten, sondern bewusst zu wählen, was wirklich wichtig ist.";"Unbekannt"
4; "Das Geheimnis des Sparens liegt darin, kleine Beträge über einen langen Zeitraum hinweg anzulegen.";"Unbekannt"
4; "Geld sparen ist wie eine Versicherung für die Zukunft - es bietet Sicherheit und Frieden des Geistes.";"Unbekannt"
4; "Die besten Investitionen, die du tätigen kannst, sind diejenigen, die in deine finanzielle Bildung fließen.";"Unbekannt"
4; "Sparen ist wie die Samen zu pflanzen, die du erntest, wenn du sie am meisten brauchst.";"Unbekannt"
4; "Finanzielle Freiheit entsteht nicht durch ein hohes Einkommen, sondern durch kluges Sparen und Investieren.";"Unbekannt"
5; "Bildung ist der Schlüssel, um die Tür zur unbegrenzten Möglichkeiten zu öffnen.";"Unbekannt"
5; "Deine Karriere beginnt dort, wo dein Mut größer ist als deine Angst.";"Unbekannt"
5; "Die beste Investition, die du machen kannst, ist in deine eigene Bildung.";"Unbekannt"
5; "Der Weg zum Erfolg ist gepflastert mit harter Arbeit, Entschlossenheit und lebenslangem Lernen.";"Unbekannt"
5; "Bildung ist die mächtigste Waffe, die du verwenden kannst, um die Welt zu verändern.";"Nelson Mandela"
5; "Eine Karriere zu wählen, die dich erfüllt, ist der Schlüssel zu einem glücklichen Leben.";"Unbekannt"
5; "Bildung ist nicht das, was jemand dir gibt, sondern das, was du dir selbst erarbeitest.";"Unbekannt"
5; "Der Weg zum Erfolg ist gepflastert mit Misserfolgen, aber es sind die Lektionen, die uns voranbringen.";"Unbekannt"
5; "Deine Ausbildung öffnet Türen, aber dein Engagement und deine Leidenschaft halten sie offen.";"Unbekannt"
5; "Eine gute Ausbildung ist die Grundlage für eine erfolgreiche Karriere.";"Unbekannt"
5; "Die größten Erfolge kommen oft von den größten Herausforderungen.";"Unbekannt"
5; "Karriere ist nicht nur das, was du tust, sondern wer du bist.";"Unbekannt"
5; "Bildung ist der Schlüssel, aber die Tür musst du selbst öffnen.";"Unbekannt"
5; "Der Weg zur Spitze beginnt mit dem ersten Schritt.";"Unbekannt"
5; "Ein erfolgreicher Mensch ist nicht jemand, der nie scheitert, sondern jemand, der niemals aufgibt.";"Unbekannt"
5; "Bildung ist die Waffe, die du verwenden kannst, um die Welt zu verändern.";"Unbekannt"
5; "Der Weg zum Erfolg ist nicht geradlinig, aber jede Kurve lehrt uns etwas Neues.";"Unbekannt"
5; "Karriere ist nicht das, was passiert, wenn du wartest, sondern das, was passiert, wenn du handelst.";"Unbekannt"
5; "Bildung ist der Treibstoff, der deine Träume antreibt.";"Unbekannt"
5; "Die größten Errungenschaften beginnen mit dem Glauben daran, dass sie möglich sind.";"Unbekannt"
5; "Deine Karriere ist eine Reise, keine Destination.";"Unbekannt"
5; "Bildung ist der Schlüssel, um das volle Potenzial auszuschöpfen.";"Unbekannt"
5; "Der Weg zur Spitze ist steil, aber die Aussicht von oben ist es wert.";"Unbekannt"
5; "Bildung ist der beste Weg, um deine Träume in die Realität umzusetzen.";"Unbekannt"
5; "Deine Zukunft hängt nicht davon ab, was passiert, sondern von dem, was du tust.";"Unbekannt"
5; "Die größten Erfolge kommen oft von den größten Risiken.";"Unbekannt"
5; "Bildung öffnet Türen, aber deine Entschlossenheit hält sie offen.";"Unbekannt"
5; "Karriere ist nicht nur ein Job, sondern eine Berufung.";"Unbekannt"
5; "Der Weg zum Erfolg ist hart, aber die Belohnung ist süß.";"Unbekannt"
5; "Bildung ist der Schlüssel, um die Welt zu verstehen und zu verändern.";"Unbekannt"
5; "Karriere ist die Summe deiner Entscheidungen, nicht das Ergebnis deiner Umstände.";"Unbekannt"
5; "Bildung ist die Grundlage für persönliches und berufliches Wachstum.";"Unbekannt"
5; "Der Weg zum Erfolg ist nicht leicht, aber es ist die Reise wert.";"Unbekannt"
5; "Bildung ist der Weg, um deine Träume zu verwirklichen, egal wie groß sie sind.";"Unbekannt"
5; "Karriere ist nicht das, was du bekommst, sondern das, was du gibst.";"Unbekannt"
5; "Bildung ist der Schlüssel, um deine Träume zu verwirklichen.";"Unbekannt"
5; "Deine Karriere ist eine Reise, keine Endstation.";"Unbekannt"
5; "Bildung ist der Weg zur Veränderung, nicht nur für dich selbst, sondern auch für die Welt.";"Unbekannt"
5; "Der Weg zum Erfolg ist keine gerade Linie, aber wenn du dran bleibst, wirst du dort ankommen.";"Unbekannt"
5; "Bildung ist die Waffe, die du verwenden kannst, um deine Ziele zu erreichen.";"Unbekannt"
5; "Deine Ausbildung ist der Schlüssel, um die Tür zu unbegrenzten Möglichkeiten zu öffnen.";"Unbekannt"
5; "Karriere ist nicht das, was du bist, sondern was du tust.";"Unbekannt"
5; "Bildung ist der Weg, um deine Ziele zu erreichen, egal wie hoch sie sind.";"Unbekannt"
5; "Der Weg zum Erfolg ist mit Steinen gepflastert, aber jeder Stein ist ein Schritt näher zum Gipfel.";"Unbekannt"
5; "Bildung ist die beste Investition in deine Zukunft.";"Unbekannt"
5; "Karriere ist nicht das, was passiert, sondern das, was du daraus machst.";"Unbekannt"
5; "Bildung ist der Schlüssel, um die Welt zu verstehen und zu verändern.";"Unbekannt"
5; "Es kommen Studenten zu mir, die meinen : 'Ich kann mir keine 20 Euro im Monat leisten'... Dann brich' dein Studium ab!";"Karl Ess"
6; "Die Arbeit ist der Schlüssel zum Erfolg, aber die Leidenschaft ist das Schloss.";"Unbekannt"
6; "Erfolg im Beruf kommt nicht durch Zufall, sondern durch harte Arbeit.";"Unbekannt"
6; "Die größten Erfolge im Beruf kommen denen zu, die hart arbeiten und niemals aufgeben.";"Unbekannt"
6; "Arbeite klug, nicht hart - aber arbeite hart, wenn es darauf ankommt.";"Unbekannt"
6; "Deine Arbeit ist ein Spiegelbild deiner Persönlichkeit.";"Unbekannt"
6; "Erfolg im Beruf kommt denen, die bereit sind, die Extra-Meile zu gehen.";"Unbekannt"
6; "Arbeit ist nicht nur das, was du tust, sondern wer du bist.";"Unbekannt"
6; "Die größten Erfolge im Beruf kommen denen zu, die sich auf das konzentrieren, was sie tun, und nicht auf das, was andere tun.";"Unbekannt"
6; "Deine Arbeit sollte nicht nur deinen Lebensunterhalt verdienen, sondern auch deine Leidenschaft nähren.";"Unbekannt"
6; "Die Arbeit ist die Quelle des Wohlstands, aber die Leidenschaft ist die Quelle des Glücks.";"Unbekannt"
6; "Erfolg im Beruf kommt denen zu, die ihre Träume verfolgen und niemals aufgeben.";"Unbekannt"
6; "Die Arbeit ist die Wurzel des Erfolgs, aber die Leidenschaft ist der Boden, auf dem sie wächst.";"Unbekannt"
6; "Erfolg im Beruf kommt denen zu, die hart arbeiten und nie den Glauben an sich selbst verlieren.";"Unbekannt"
6; "Die Arbeit ist die Leiter zum Erfolg, aber die Leidenschaft ist der Antrieb, der dich antreibt.";"Unbekannt"
6; "Erfolg im Beruf kommt denen zu, die sich auf das konzentrieren, was sie tun können, und nicht auf das, was sie nicht können.";"Unbekannt"
6; "Die Arbeit ist der Weg zum Erfolg, aber die Leidenschaft ist der Funke, der dich antreibt.";"Unbekannt"
6; "Erfolg im Beruf kommt denen zu, die hart arbeiten, aber auch denen, die klug arbeiten.";"Unbekannt"
6; "Die Arbeit ist die Brücke zum Erfolg, aber die Leidenschaft ist der Wind, der dich vorantreibt.";"Unbekannt"
6; "Erfolg im Beruf kommt denen zu, die hart arbeiten und nie aufgeben, selbst wenn es schwierig wird.";"Unbekannt"
6; "Die Arbeit ist das Fundament des Erfolgs, aber die Leidenschaft ist der Motor, der dich antreibt.";"Unbekannt"
6; "Erfolg im Beruf kommt denen zu, die bereit sind, mehr zu tun, als von ihnen erwartet wird.";"Unbekannt"
6; "Die Arbeit ist der Schlüssel zum Erfolg, aber die Leidenschaft ist das Feuer, das dich antreibt.";"Unbekannt"
6; "Erfolg im Beruf kommt denen zu, die ihre Ängste überwinden und hart arbeiten, um ihre Träume zu verwirklichen.";"Unbekannt"
6; "Die Arbeit ist der Weg zum Erfolg, aber die Leidenschaft ist die Nahrung, die dich am Leben hält.";"Unbekannt"
6; "Erfolg im Beruf kommt denen zu, die sich auf das konzentrieren, was sie tun, und nicht auf das, was andere tun.";"Unbekannt"
6; "Die Arbeit ist der Schlüssel zur Erfüllung, aber die Leidenschaft ist der Motor, der dich antreibt.";"Unbekannt"
6; "Erfolg im Beruf kommt denen zu, die bereit sind, alles zu geben, um ihre Ziele zu erreichen.";"Unbekannt"
6; "Die Arbeit ist der Weg zum Erfolg, aber die Leidenschaft ist die Richtung, die du einschlägst.";"Unbekannt"
6; "Erfolg im Beruf kommt denen zu, die hart arbeiten und nie den Glauben an sich selbst verlieren.";"Unbekannt"
6; "Die Arbeit ist die Grundlage des Erfolgs, aber die Leidenschaft ist der Schlüssel, der die Tür öffnet.";"Unbekannt"
6; "Erfolg im Beruf kommt denen zu, die ihre Ängste überwinden und hart arbeiten, um ihre Träume zu verwirklichen.";"Unbekannt"
6; "No way! Ich weiß zwar nicht was das heißt, aber is auch egal, es hört sich hübsch an!";"Arno Dübel"
7; "Die Zeit, die du für deine Erholung investierst, ist nie verschwendet.";"Unbekannt"
7; "Freizeit ist der Schlüssel zur Regeneration von Körper, Geist und Seele.";"Unbekannt"
7; "Erholung ist nicht nur eine Pause, sondern eine Investition in deine Gesundheit und dein Wohlbefinden.";"Unbekannt"
7; "Die besten Ideen entstehen oft in Momenten der Entspannung.";"Unbekannt"
7; "In der Ruhe liegt die Kraft - und die Inspiration.";"Unbekannt"
7; "Freizeit ist der Treibstoff, der deine Kreativität antreibt.";"Unbekannt"
7; "Erholung ist der Schlüssel, um wieder mit frischer Energie durchstarten zu können.";"Unbekannt"
7; "Die schönsten Momente im Leben sind die, die du in deiner Freizeit genießt.";"Unbekannt"
7; "Erholung ist keine Belohnung, sondern eine Notwendigkeit.";"Unbekannt"
7; "In der Stille der Natur findest du die Ruhe, die du brauchst, um wieder aufzutanken.";"Unbekannt"
7; "Freizeit ist die Zeit, in der du dich selbst neu entdecken kannst.";"Unbekannt"
7; "Erholung ist wie ein Neustart für Körper und Geist.";"Unbekannt"
7; "Die schönsten Erinnerungen entstehen oft in Momenten der Entspannung und Freude.";"Unbekannt"
7; "Freizeit ist der Schlüssel, um die Balance in deinem Leben zu finden.";"Unbekannt"
7; "Erholung ist der Schlüssel, um die Batterien wieder aufzuladen.";"Unbekannt"
7; "Die besten Entscheidungen treffen wir oft, wenn wir uns eine Auszeit gönnen.";"Unbekannt"
7; "Freizeit ist nicht nur Zeitverschwendung, sondern eine Quelle der Inspiration.";"Unbekannt"
7; "Erholung ist wie ein Reset-Knopf für Körper, Geist und Seele.";"Unbekannt"
7; "Die Zeit, die du für dich selbst nimmst, ist nie verschwendet.";"Unbekannt"
7; "Freizeit ist der Schlüssel, um die Welt mit neuen Augen zu sehen.";"Unbekannt"
7; "Erholung ist die beste Medizin für Körper und Geist.";"Unbekannt"
7; "Die schönsten Momente im Leben sind oft die einfachsten.";"Unbekannt"
7; "Freizeit ist der Moment, in dem du den Alltagsstress hinter dir lässt und einfach nur du selbst sein kannst.";"Unbekannt"
7; "Erholung ist der Schlüssel, um das Leben in vollen Zügen zu genießen.";"Unbekannt"
7; "Die Zeit, die du für deine Erholung investierst, ist der beste Weg, um deine Batterien wieder aufzuladen.";"Unbekannt"
7; "Freizeit ist die Zeit, in der du deine Leidenschaften verfolgen kannst.";"Unbekannt"
7; "Erholung ist wie eine Kurzreise für Körper und Geist.";"Unbekannt"
7; "Die besten Ideen kommen oft in Momenten der Entspannung und Freude.";"Unbekannt"
7; "Freizeit ist der Schlüssel, um dem Alltagstrott zu entkommen und neue Energie zu tanken.";"Unbekannt"
7; "Erholung ist der beste Weg, um deine Kreativität zu entfalten.";"Unbekannt"
7; "Die Zeit, die du für deine Erholung investierst, ist der beste Weg, um deine Gesundheit zu erhalten.";"Unbekannt"
7; "Freizeit ist die Zeit, die du dir selbst schenkst, um deine Batterien wieder aufzuladen.";"Unbekannt"
7; "Erholung ist der Schlüssel, um die Balance zwischen Arbeit und Leben zu finden.";"Unbekannt"
7; "Die schönsten Momente im Leben sind oft diejenigen, in denen du einfach nur die Zeit genießt.";"Unbekannt"
7; "Freizeit ist der Schlüssel, um die Dinge aus einer anderen Perspektive zu betrachten.";"Unbekannt"
7; "Erholung ist der beste Weg, um dem Alltagsstress zu entkommen.";"Unbekannt"
7; "Die Zeit, die du für deine Erholung investierst, ist der beste Weg, um deine Lebensqualität zu verbessern.";"Unbekannt"
7; "Freizeit ist die Zeit, in der du deine Seele baumeln lassen kannst.";"Unbekannt"
7; "Erholung ist der Schlüssel, um wieder zu dir selbst zu finden.";"Unbekannt"
7; "Die Zeit, die du für deine Erholung investierst, ist nie verschwendet, sondern eine Investition in dein Wohlbefinden.";"Unbekannt"
7; "Freizeit ist der Schlüssel, um das Leben in vollen Zügen zu genießen.";"Unbekannt"
7; "Erholung ist wie ein Kurzurlaub für Körper und Geist.";"Unbekannt"
7; "Die schönsten Momente im Leben sind oft diejenigen, in denen du einfach nur du selbst sein kannst.";"Unbekannt"
7; "Freizeit ist der Moment, in dem du die Welt um dich herum vergisst und einfach nur im Hier und Jetzt lebst.";"Unbekannt"
8; "Deine Gewohnheiten formen dein Schicksal.";"Unbekannt"
8; "Der Schlüssel zum Erfolg liegt in deinen täglichen Gewohnheiten.";"Unbekannt"
8; "Gute Gewohnheiten sind die Bausteine eines erfolgreichen Lebens.";"Unbekannt"
8; "Das Geheimnis des Erfolgs liegt in deinen täglichen Routinen.";"Unbekannt"
8; "Kleine Gewohnheiten machen einen großen Unterschied.";"Unbekannt"
8; "Gewohnheiten sind der Schlüssel zu einem gesunden und glücklichen Leben.";"Unbekannt"
8; "Gewohnheiten sind wie ein zweites Ich.";"Unbekannt"
8; "Der Weg zum Erfolg ist gepflastert mit guten Gewohnheiten.";"Unbekannt"
8; "Gewohnheiten formen unsere Zukunft, indem sie unsere Gegenwart gestalten.";"Unbekannt"
8; "Kleine Änderungen in deinen Gewohnheiten können große Veränderungen in deinem Leben bewirken.";"Unbekannt"
8; "Die Qualität deines Lebens wird von deinen täglichen Gewohnheiten bestimmt.";"Unbekannt"
8; "Gewohnheiten sind die Architekten unseres Schicksals.";"Unbekannt"
8; "Deine Gewohnheiten bestimmen deine Zukunft.";"Unbekannt"
8; "Gewohnheiten sind der Schlüssel zu einer erfolgreichen und erfüllten Zukunft.";"Unbekannt"
8; "Der Weg zum Erfolg beginnt mit einer einzigen Gewohnheit.";"Unbekannt"
8; "Gewohnheiten sind der Grundstein für ein glückliches Leben.";"Unbekannt"
8; "Deine Gewohnheiten bestimmen deine Prioritäten.";"Unbekannt"
8; "Gewohnheiten sind wie Muskelgedächtnis - je öfter du sie trainierst, desto stärker werden sie.";"Unbekannt"
8; "Der Weg zum Erfolg ist mit guten Gewohnheiten gepflastert.";"Unbekannt"
8; "Gewohnheiten sind die unsichtbaren Architekten unseres Lebens.";"Unbekannt"
8; "Deine Gewohnheiten bestimmen dein Schicksal.";"Unbekannt"
8; "Gute Gewohnheiten sind wie Investitionen in deine Zukunft.";"Unbekannt"
8; "Der Weg zum Erfolg beginnt mit kleinen, täglichen Gewohnheiten.";"Unbekannt"
8; "Gewohnheiten sind der Schlüssel zu einem ausgeglichenen Leben.";"Unbekannt"
8; "Deine Gewohnheiten formen deine Identität.";"Unbekannt"
8; "Gute Gewohnheiten sind der Schlüssel zu einem erfolgreichen Leben.";"Unbekannt"
8; "Der Weg zum Erfolg ist mit positiven Gewohnheiten gepflastert.";"Unbekannt"
8; "Gewohnheiten sind die Grundlage für langfristigen Erfolg.";"Unbekannt"
8; "Deine Gewohnheiten sind der beste Indikator für deine Zukunft.";"Unbekannt"
8; "Gute Gewohnheiten sind die Grundlage für ein erfülltes Leben.";"Unbekannt"
8; "Der Weg zum Erfolg beginnt mit einer einzigen positiven Gewohnheit.";"Unbekannt"
8; "Gewohnheiten sind der Schlüssel zu einem glücklichen Leben.";"Unbekannt"
8; "Deine Gewohnheiten bestimmen deine Werte.";"Unbekannt"
8; "Gewohnheiten sind die unsichtbaren Kräfte, die unser Leben lenken.";"Unbekannt"
8; "Gute Gewohnheiten sind der Schlüssel zu einem Leben voller Erfüllung.";"Unbekannt"
8; "Der Weg zum Erfolg beginnt mit der Entwicklung positiver Gewohnheiten.";"Unbekannt"
8; "Gewohnheiten sind die Bausteine unseres Lebens.";"Unbekannt"
8; "Deine Gewohnheiten bestimmen deine Einstellung.";"Unbekannt"
8; "Gewohnheiten sind die Eckpfeiler eines erfolgreichen Lebens.";"Unbekannt"
8; "Gute Gewohnheiten sind der Schlüssel zu einem erfüllten Leben.";"Unbekannt"
8; "Der Weg zum Erfolg beginnt mit der Entscheidung, gute Gewohnheiten zu entwickeln.";"Unbekannt"
8; "Gewohnheiten sind der Motor, der unser Leben antreibt.";"Unbekannt"
8; "Deine Gewohnheiten sind der beste Indikator für deinen Charakter.";"Unbekannt"
9; "Die Natur ist unsere größte Lehrerin und unser wertvollstes Gut.";"Unbekannt"
9; "Der Schutz unserer Umwelt ist nicht nur eine Verantwortung, sondern auch eine Chance.";"Unbekannt"
9; "Jeder von uns trägt die Verantwortung, unsere Umwelt zu schützen und zu bewahren.";"Unbekannt"
9; "Die Umwelt ist kein Erbe von unseren Vorfahren, sondern ein Geschenk für unsere Kinder.";"Unbekannt"
9; "Ein gesunder Planet ist die Grundlage für ein gesundes Leben.";"Unbekannt"
9; "Die Erde ist unser Zuhause - lasst uns gemeinsam dafür sorgen, dass es ein schöner Ort bleibt.";"Unbekannt"
9; "Der Schutz der Umwelt ist nicht nur eine moralische Pflicht, sondern auch eine ökonomische Notwendigkeit.";"Unbekannt"
9; "Die Natur ist der beste Architekt und der schönste Künstler.";"Unbekannt"
9; "Die Erde ist unser einziger Heimatplanet - lasst uns gemeinsam dafür sorgen, dass er lebenswert bleibt.";"Unbekannt"
9; "Jeder Baum, den wir pflanzen, ist ein Schritt in Richtung einer grüneren Zukunft.";"Unbekannt"
9; "Die Umwelt ist kein Luxus, den wir uns leisten können - sie ist eine Notwendigkeit, die wir schützen müssen.";"Unbekannt"
9; "Die Natur ist die beste Therapie für Körper, Geist und Seele.";"Unbekannt"
9; "Unsere Handlungen heute bestimmen die Welt von morgen - lasst uns klug handeln und unsere Umwelt schützen.";"Unbekannt"
9; "Die Erde hat genug für die Bedürfnisse jedes Menschen, aber nicht für seine Gier.";"Mahatma Gandhi"
9; "Die Natur kennt keine Verschwendung - lasst uns von ihr lernen und verantwortungsvoll handeln.";"Unbekannt"
9; "Der Schutz der Umwelt ist die beste Investition in die Zukunft.";"Unbekannt"
9; "Die Natur ist die Quelle unseres Lebens und unserer Inspiration.";"Unbekannt"
9; "Jeder von uns kann einen Beitrag zum Schutz der Umwelt leisten - fang bei dir selbst an.";"Unbekannt"
9; "Die Erde ist nicht nur unser Zuhause, sondern auch das Zuhause unzähliger anderer Lebewesen - lasst uns sie gemeinsam schützen.";"Unbekannt"
9; "Die Natur ist unser größter Schatz - lasst uns sie bewahren und schützen.";"Unbekannt"
9; "Der Schutz der Umwelt ist keine Option, sondern eine Verpflichtung.";"Unbekannt"
9; "Die Natur braucht uns nicht, aber wir brauchen die Natur - lasst uns sie respektieren und schützen.";"Unbekannt"
9; "Unsere Umwelt ist unser Erbe - lasst uns gemeinsam dafür sorgen, dass es ein Erbe der Hoffnung und nicht der Zerstörung ist.";"Unbekannt"
9; "Die Natur ist der beste Lehrer für Achtsamkeit und Respekt.";"Unbekannt"
9; "Die Erde ist unser Zuhause - lasst uns gemeinsam dafür sorgen, dass es ein Ort ist, an dem wir stolz darauf sein können.";"Unbekannt"
9; "Die Natur ist der beste Spielplatz für Körper und Geist.";"Unbekannt"
9; "Der Schutz unserer Umwelt ist der Schutz unserer Zukunft.";"Unbekannt"
9; "Die Erde ist unser Zuhause - lasst uns gemeinsam dafür sorgen, dass es ein Ort ist, an dem das Leben gedeiht.";"Unbekannt"
9; "Die Natur ist der beste Ort, um wieder zu sich selbst zu finden.";"Unbekannt"
9; "Der Schutz der Umwelt ist keine Last, sondern eine Chance.";"Unbekannt"
9; "Die Natur ist die beste Quelle für Glück und Zufriedenheit.";"Unbekannt"
9; "Die Erde ist unser gemeinsames Erbe - lasst uns gemeinsam dafür sorgen, dass es erhalten bleibt.";"Unbekannt"
9; "Die Natur ist der beste Lehrer für Geduld und Gelassenheit.";"Unbekannt"
9; "Der Schutz unserer Umwelt ist der Schlüssel zu einer nachhaltigen Zukunft.";"Unbekannt"
9; "Die Erde ist unser Zuhause - lasst uns gemeinsam dafür sorgen, dass es ein Ort ist, an dem die Natur blüht.";"Unbekannt"
9; "Die Natur ist der beste Ort, um die Schönheit des Lebens zu erleben.";"Unbekannt"
9; "Der Schutz der Umwelt ist nicht nur eine Aufgabe, sondern eine Verpflichtung.";"Unbekannt"
9; "Die Erde ist unser gemeinsames Erbe - lasst uns sie gemeinsam schützen und bewahren.";"Unbekannt"
9; "Die Natur ist der beste Ort, um die Wunder des Lebens zu entdecken.";"Unbekannt"
9; "Der Schutz unserer Umwelt ist eine Investition in die Zukunft unserer Kinder.";"Unbekannt"
9; "Die Erde ist unser Zuhause - lasst uns gemeinsam dafür sorgen, dass es ein Ort ist, an dem die Natur in ihrer ganzen Vielfalt erhalten bleibt.";"Unbekannt"
9; "How dare you!";"Greta Thunberg"
9; "Der Schutz unserer Umwelt ist der Schlüssel zu einem nachhaltigen und erfüllten Leben.";"Unbekannt"
9; "Die Erde ist unser Zuhause - lasst uns gemeinsam dafür sorgen, dass es ein Ort ist, an dem das Leben in all seiner Pracht gedeiht.";"Unbekannt"
10; "Liebe ist der Schlüssel zu einem erfüllten Leben.";"Unbekannt"
10; "Beziehungen sind wie Blumen - sie brauchen Pflege und Aufmerksamkeit, um zu blühen.";"Unbekannt"
10; "Das Geheimnis einer glücklichen Beziehung liegt in der gegenseitigen Wertschätzung.";"Unbekannt"
10; "Liebe ist das Licht, das uns den Weg durch die Dunkelheit zeigt.";"Unbekannt"
10; "Beziehungen sind wie ein Tanz - manchmal muss man führen, manchmal folgen.";"Unbekannt"
10; "Das schönste Geschenk, das wir einem Menschen machen können, ist unsere Zeit und unsere Aufmerksamkeit.";"Unbekannt"
10; "Liebe ist der Klebstoff, der Beziehungen zusammenhält.";"Unbekannt"
10; "In einer guten Beziehung fühlt man sich nicht nur geliebt, sondern auch verstanden.";"Unbekannt"
10; "Das Geheimnis einer starken Beziehung liegt im gegenseitigen Respekt.";"Unbekannt"
10; "Liebe ist der Schlüssel, der die Türen zu unseren Herzen öffnet.";"Unbekannt"
10; "Beziehungen sind wie Puzzles - manchmal passt alles perfekt zusammen, manchmal muss man ein paar Teile neu arrangieren.";"Unbekannt"
10; "Das Geheimnis einer erfüllten Beziehung liegt im gemeinsamen Lachen.";"Unbekannt"
10; "Liebe ist kein Wort, sondern ein Gefühl.";"Unbekannt"
10; "In einer guten Beziehung kann man man selbst sein, ohne Angst vor Ablehnung.";"Unbekannt"
10; "Das Geheimnis einer glücklichen Beziehung liegt im gegenseitigen Vertrauen.";"Unbekannt"
10; "Liebe ist der Motor, der uns antreibt.";"Unbekannt"
10; "Beziehungen sind wie Bäume - sie brauchen Wurzeln, um zu wachsen.";"Unbekannt"
10; "Das Geheimnis einer langen Beziehung liegt im gemeinsamen Wachstum.";"Unbekannt"
10; "Liebe ist die Sprache, die jeder versteht.";"Unbekannt"
10; "In einer guten Beziehung geht es nicht darum, wer Recht hat, sondern darum, gemeinsam Lösungen zu finden.";"Unbekannt"
10; "Das Geheimnis einer starken Beziehung liegt im gemeinsamen Durchhalten.";"Unbekannt"
10; "Liebe ist wie ein Samenkorn - wenn man sie pflegt, wächst sie zu etwas Großem heran.";"Unbekannt"
10; "Beziehungen sind wie Sonnenuntergänge - sie sind am schönsten, wenn man sie gemeinsam genießt.";"Unbekannt"
10; "Das Geheimnis einer erfüllten Beziehung liegt im gemeinsamen Träumen.";"Unbekannt"
10; "Liebe ist wie ein Ozean - tief, unendlich und voller Geheimnisse.";"Unbekannt"
10; "In einer guten Beziehung gibt es Raum für Individualität und Raum für Nähe.";"Unbekannt"
10; "Das Geheimnis einer glücklichen Beziehung liegt im gemeinsamen Wachsen.";"Unbekannt"
10; "Liebe ist wie ein Wunder - sie passiert, wenn man es am wenigsten erwartet.";"Unbekannt"
10; "Beziehungen sind wie Musik - sie können uns zum Lächeln bringen oder zum Weinen.";"Unbekannt"
10; "Das Geheimnis einer starken Beziehung liegt im gemeinsamen Abenteuer.";"Unbekannt"
10; "Liebe ist wie ein Feuer - wenn man sie nährt, wird sie immer stärker.";"Unbekannt"
10; "In einer guten Beziehung gibt es Raum für Fehler und Raum für Vergebung.";"Unbekannt"
10; "Das Geheimnis einer erfüllten Beziehung liegt im gemeinsamen Wachsen.";"Unbekannt"
10; "Liebe ist wie ein Regenbogen - sie bringt Farbe in unser Leben.";"Unbekannt"
10; "Beziehungen sind wie Sterne - sie leuchten am hellsten, wenn es dunkel ist.";"Unbekannt"
10; "Das Geheimnis einer glücklichen Beziehung liegt im gemeinsamen Lachen.";"Unbekannt"
10; "Liebe ist wie eine Blume - sie braucht Pflege und Aufmerksamkeit, um zu blühen.";"Unbekannt"
10; "In einer guten Beziehung gibt es Raum für Wachstum und Raum für Veränderung.";"Unbekannt"
10; "Das Geheimnis einer starken Beziehung liegt im gemeinsamen Respekt.";"Unbekannt"
10; "Liebe ist wie ein Lied - sie kann uns zum Weinen bringen oder zum Tanzen.";"Unbekannt"
10; "Beziehungen sind wie Segelboote - sie brauchen Wind, um voranzukommen.";"Unbekannt"
10; "Das Geheimnis einer erfüllten Beziehung liegt im gemeinsamen Geben.";"Unbekannt"
10; "Liebe ist wie ein Puzzle - manchmal passen die Teile perfekt zusammen, manchmal muss man sie neu arrangieren.";"Unbekannt"
10; "In einer guten Beziehung gibt es Raum für Stille und Raum für Gespräche.";"Unbekannt"
10; "Das Geheimnis einer glücklichen Beziehung liegt im gemeinsamen Wachsen.";"Unbekannt"
10; "Liebe ist wie ein Fluss - sie fließt sanft und unaufhaltsam.";"Unbekannt"
10; "Beziehungen sind wie Bäume - sie brauchen Wurzeln, um zu wachsen.";"Unbekannt"
10; "Das Geheimnis einer starken Beziehung liegt in der gegenseitigen Unterstützung.";"Unbekannt"
10; "Liebe ist wie ein Wunder - man kann sie nicht erklären, aber man kann sie fühlen.";"Unbekannt"
10; "In einer guten Beziehung gibt es Raum für Fehler und Raum für Vergebung.";"Unbekannt"
10; "Das Geheimnis einer erfüllten Beziehung liegt im gemeinsamen Wachsen.";"Unbekannt"
10; "Liebe ist wie ein Abenteuer - manchmal turbulent, manchmal ruhig, aber immer aufregend.";"Unbekannt"
10; "Beziehungen sind wie Bücher - manche Kapitel enden, andere fangen gerade erst an.";"Unbekannt"
11; "Du bist, was du isst - also iss mit Bedacht.";"Unbekannt"
11; "Gesunde Ernährung ist der Schlüssel zu einem gesunden Leben.";"Unbekannt"
11; "Nähre deinen Körper, um deinen Geist zu stärken.";"Unbekannt"
11; "Essen sollte nicht nur den Magen füllen, sondern auch die Seele.";"Unbekannt"
11; "Eine ausgewogene Ernährung ist die Grundlage für ein glückliches Leben.";"Unbekannt"
11; "Gesunde Ernährung ist keine Diät, sondern eine Lebenseinstellung.";"Unbekannt"
11; "Iss Nahrungsmittel, die deinen Körper nähren, nicht welche, die ihn belasten.";"Unbekannt"
11; "Gute Ernährung ist wie Treibstoff für deinen Körper.";"Unbekannt"
11; "Eine gesunde Ernährung ist der beste Weg, um deinem Körper zu zeigen, dass du ihn liebst.";"Unbekannt"
11; "Essen ist nicht nur Nahrungsaufnahme, sondern auch eine Möglichkeit, sich selbst zu pflegen.";"Unbekannt"
11; "Gesunde Ernährung ist der Schlüssel zu einem starken Immunsystem.";"Unbekannt"
11; "Du bist, was du isst - also sei köstlich.";"Unbekannt"
11; "Eine gesunde Ernährung ist wie eine Versicherung für deine Gesundheit.";"Unbekannt"
11; "Iss nicht weniger, sondern besser.";"Unbekannt"
11; "Gesunde Ernährung ist der Schlüssel zu einem glücklichen Herzen.";"Unbekannt"
11; "Nimm dir Zeit, deine Mahlzeiten zu genießen - es ist mehr als nur Nahrungsaufnahme.";"Unbekannt"
11; "Eine gesunde Ernährung ist der beste Weg, um deinem Körper die Nährstoffe zu geben, die er braucht.";"Unbekannt"
11; "Iss, um zu leben, nicht lebe, um zu essen.";"Unbekannt"
11; "Gesunde Ernährung ist der beste Weg, um deinen Körper zu ehren.";"Unbekannt"
11; "Wähle Lebensmittel, die dich aufblühen lassen.";"Unbekannt"
11; "Eine gesunde Ernährung ist der Schlüssel zu einem klaren Geist.";"Unbekannt"
11; "Iss Lebensmittel, die deine Energie steigern, nicht welche, die sie rauben.";"Unbekannt"
11; "Gesunde Ernährung ist wie eine Liebeserklärung an deinen Körper.";"Unbekannt"
11; "Du bist, was du isst - also iss frisch und lebendig.";"Unbekannt"
11; "Eine gesunde Ernährung ist der beste Weg, um dich von innen heraus strahlen zu lassen.";"Unbekannt"
11; "Iss nicht aus Langeweile, sondern aus Liebe zu deinem Körper.";"Unbekannt"
11; "Gesunde Ernährung ist der Schlüssel zu einem starken Geist.";"Unbekannt"
11; "Eine gesunde Ernährung ist wie eine Investition in deine Zukunft.";"Unbekannt"
11; "Iss, um deinen Körper zu stärken, nicht um ihn zu belasten.";"Unbekannt"
11; "Gesunde Ernährung ist der beste Weg, um deinen Körper zu unterstützen.";"Unbekannt"
11; "Eine gesunde Ernährung ist der Schlüssel zu einem erfüllten Leben.";"Unbekannt"
11; "Die Tomate ist eine Frucht wie die Kartoffel, wie die Nudel, wie der Reis.";"Peter Ludolf"
11; "Gesunde Ernährung ist wie Medizin für deinen Körper.";"Unbekannt"
11; "Eine gesunde Ernährung ist der beste Weg, um dein volles Potenzial zu entfalten.";"Unbekannt"
11; "Iss Lebensmittel, die dich mit Energie versorgen, nicht welche, die dich ermüden.";"Unbekannt"
11; "Gesunde Ernährung ist der Schlüssel zu einem langen und glücklichen Leben.";"Unbekannt"
11; "Eine gesunde Ernährung ist wie eine Liebeserklärung an dich selbst.";"Unbekannt"
11; "Iss, um deinen Körper zu stärken, nicht um ihn zu schwächen.";"Unbekannt"
11; "Gesunde Ernährung ist der Schlüssel zu einem starken Körper.";"Unbekannt"
11; "Eine gesunde Ernährung ist der beste Weg, um dich von innen heraus zu pflegen.";"Unbekannt"
11; "Iss nicht, um zu füllen, sondern um zu nähren.";"Unbekannt"
11; "Gesunde Ernährung ist der beste Weg, um deinen Körper zu unterstützen.";"Unbekannt"
11; "Eine gesunde Ernährung ist wie eine Liebeserklärung an deinen Körper.";"Unbekannt"
11; "Iss, um deinen Körper zu ehren, nicht um ihn zu belasten.";"Unbekannt"
11; "Gesunde Ernährung ist der Schlüssel zu einem gesunden und glücklichen Leben.";"Unbekannt"
11; "Eine gesunde Ernährung ist der beste Weg, um deine Gesundheit zu schützen.";"Unbekannt"
11; "Iss Lebensmittel, die dich stärken, nicht welche, die dich schwächen.";"Unbekannt"
11; "Gesunde Ernährung ist der Schlüssel zu einem klaren Geist und einem starken Körper.";"Unbekannt"
11; "Eine gesunde Ernährung ist wie eine Liebeserklärung an dich selbst.";"Unbekannt"
11; "Uwe, Manfred! Essen kommen!";"Peter Ludolf"
